INSERT INTO CUSTOMER (CUSTOMER_ID, CUSTOMER_NAME, CUSTOMER_ADDRESS) 
VALUES (201, 'BHP Group', '171 Collins Street, Melbourne, Victoria 3000, Australia.');
INSERT INTO CUSTOMER (CUSTOMER_ID, CUSTOMER_NAME, CUSTOMER_ADDRESS) 
VALUES (202, 'Rio Tinto', '6 St Jame''s Square, London SW1Y 4AD, United Kingdom.');
INSERT INTO CUSTOMER (CUSTOMER_ID, CUSTOMER_NAME, CUSTOMER_ADDRESS) 
VALUES (203, 'Newmont Corporation', '6900 E Layton Avenue, Suite 700, Denver, CO 80237, USA.');
INSERT INTO CUSTOMER (CUSTOMER_ID, CUSTOMER_NAME, CUSTOMER_ADDRESS) 
VALUES (204, 'General Electric Company (GE)', '1 Neumann Way, Cincinnati, OH 45215, USA.');
INSERT INTO CUSTOMER (CUSTOMER_ID, CUSTOMER_NAME, CUSTOMER_ADDRESS) 
VALUES (205, 'Kiewit Corporation', '3555 Farnam Street, Omaha, Nebraska 68131-3302, USA.');
INSERT INTO CUSTOMER (CUSTOMER_ID, CUSTOMER_NAME, CUSTOMER_ADDRESS) 
VALUES (206, 'Shaanxi Coal & Chemical', 'No. 26, Xianyang Road, Xianyang City, Shaanxi Province, China.');
INSERT INTO CUSTOMER (CUSTOMER_ID, CUSTOMER_NAME, CUSTOMER_ADDRESS) 
VALUES (207, 'Lafarge Holcim', 'Rue de la Gare 16, 1003 Lausanne, Switzerland.');

INSERT INTO REGULATOR (REGULATOR_ID, REGULATOR_NAME, REGULATOR_ADDRESS) 
VALUES (901, 'European Commission on Climate Change', 'B-1049 Brussels, Belgium.');
INSERT INTO REGULATOR (REGULATOR_ID, REGULATOR_NAME, REGULATOR_ADDRESS) 
VALUES (902, 'European Environment Agency (EEA)', 'Kongens Nytorv 6, 1050 Copenhagen K, Denmark.');
INSERT INTO REGULATOR (REGULATOR_ID, REGULATOR_NAME, REGULATOR_ADDRESS) 
VALUES (903, 'National Environmental Agency (NEA)', '40 Scotts Road, Environment Building #13-00, Singapore 228231');
INSERT INTO REGULATOR (REGULATOR_ID, REGULATOR_NAME, REGULATOR_ADDRESS) 
VALUES (904, 'European Network for the Implementation and Enforcement of Environmental Law (IMPEL)', 'Chemin des deux maisons 73, box 3 1200, Brussels, Belgium');
INSERT INTO REGULATOR (REGULATOR_ID, REGULATOR_NAME, REGULATOR_ADDRESS) 
VALUES (905, 'European Parliament''s Committee on the Environment, Public Health and Food Safety (ENVI)', 'Rue Wiertz 60, 1047 Brussels, Belgium.');

INSERT INTO CETUSER (CETUSER_ID, CETUSER_ROLE) 
VALUES (801, 'Analyst');
INSERT INTO CETUSER (CETUSER_ID, CETUSER_ROLE) 
VALUES (802, 'Engineer');
INSERT INTO CETUSER (CETUSER_ID, CETUSER_ROLE) 
VALUES (803, 'Manager');
INSERT INTO CETUSER (CETUSER_ID, CETUSER_ROLE) 
VALUES (804, 'Administrator');
INSERT INTO CETUSER (CETUSER_ID, CETUSER_ROLE) 
VALUES (805, 'Technician');
INSERT INTO CETUSER (CETUSER_ID, CETUSER_ROLE) 
VALUES (806, 'Operator');
INSERT INTO CETUSER (CETUSER_ID, CETUSER_ROLE) 
VALUES (807, 'Coordinator');
INSERT INTO CETUSER (CETUSER_ID, CETUSER_ROLE) 
VALUES (808, 'Compliance Officer');
INSERT INTO CETUSER (CETUSER_ID, CETUSER_ROLE) 
VALUES (809, 'Environmental Auditor');
INSERT INTO CETUSER (CETUSER_ID, CETUSER_ROLE) 
VALUES (810, 'Inspector');
INSERT INTO CETUSER (CETUSER_ID, CETUSER_ROLE) 
VALUES (811, 'Legal Advisor');
INSERT INTO CETUSER (CETUSER_ID, CETUSER_ROLE) 
VALUES (812, 'Policy Analyst');

INSERT INTO CETUSER_CUSTOMER (CETUSER_ID, CUSTOMER_ID) 
VALUES (801, 201);
INSERT INTO CETUSER_CUSTOMER (CETUSER_ID, CUSTOMER_ID) 
VALUES (802, 202);
INSERT INTO CETUSER_CUSTOMER (CETUSER_ID, CUSTOMER_ID) 
VALUES (803, 203);
INSERT INTO CETUSER_CUSTOMER (CETUSER_ID, CUSTOMER_ID) 
VALUES (804, 204);
INSERT INTO CETUSER_CUSTOMER (CETUSER_ID, CUSTOMER_ID) 
VALUES (805, 205);
INSERT INTO CETUSER_CUSTOMER (CETUSER_ID, CUSTOMER_ID) 
VALUES (806, 206);
INSERT INTO CETUSER_CUSTOMER (CETUSER_ID, CUSTOMER_ID) 
VALUES (807, 207);

INSERT INTO CETUSER_REGULATOR (CETUSER_ID, REGULATOR_ID) 
VALUES (808, 901);
INSERT INTO CETUSER_REGULATOR (CETUSER_ID, REGULATOR_ID) 
VALUES (809, 902);
INSERT INTO CETUSER_REGULATOR (CETUSER_ID, REGULATOR_ID) 
VALUES (810, 903);
INSERT INTO CETUSER_REGULATOR (CETUSER_ID, REGULATOR_ID) 
VALUES (811, 904);
INSERT INTO CETUSER_REGULATOR (CETUSER_ID, REGULATOR_ID) 
VALUES (812, 905);

INSERT INTO REPORT (REPORT_ID, CETUSER_ID, TIME_INTERVAL_ID, REPORT_TITLE, REPORT_QUERY, REPORT_OUTPUT) 
VALUES (701, 801, 2415, 'Emission Summary', 'Summary of emissions for the given period.', 'Report Generated');
INSERT INTO REPORT (REPORT_ID, CETUSER_ID, TIME_INTERVAL_ID, REPORT_TITLE, REPORT_QUERY, REPORT_OUTPUT) 
VALUES (702, 802, 2415, 'Monthly Emission Analysis', 'Comparison of monthly emissions.', 'Report Generated');
INSERT INTO REPORT (REPORT_ID, CETUSER_ID, TIME_INTERVAL_ID, REPORT_TITLE, REPORT_QUERY, REPORT_OUTPUT) 
VALUES (703, 803, 2415, 'Annual Emission Report', 'Analysis of yearly emission trends.', 'Report Generated');

insert into emission (emission_id, machine_id, customer_id, worksite_id, time_interval_id, emission_carbon_dioxide, emission_carbon_monoxide, emission_methane, emission_nitrous_oxide, emission_other_nitrogen_oxides, emission_other_hydrocarbons, emission_particulate_matter, emission_fuel_type, emission_fuel_spent, emission_operating_time) values
(0, 0, 201, 0, 3, 2.075, 0.434, 2.453, 2.425, 2.911, 0.086, 0.323, 'Diesel', 1, 60),
(1, 0, 201, 0, 4, 1.759, 1.292, 0.864, 1.754, 0.302, 1.877, 2.688, 'Diesel', 1, 60),
(2, 0, 201, 0, 5, 0.894, 0.977, 0.882, 2.369, 1.519, 2.609, 2.805, 'Diesel', 1, 60),
(3, 0, 201, 0, 6, 1.188, 2.015, 2.42, 1.631, 0.174, 2.559, 0.786, 'Diesel', 1, 60),
(4, 0, 201, 0, 7, 1.323, 0.496, 1.239, 0.475, 0.36, 0.717, 0.774, 'Diesel', 1, 60),
(5, 0, 201, 0, 8, 1.878, 0.263, 2.045, 0.614, 1.057, 0.33, 2.925, 'Diesel', 1, 60),
(6, 0, 201, 0, 9, 2.105, 2.677, 2.786, 1.41, 1.106, 1.852, 0.016, 'Diesel', 1, 60),
(7, 0, 201, 0, 10, 2.08, 2.809, 2.255, 0.781, 2.212, 1.884, 1.392, 'Diesel', 1, 60),
(8, 0, 201, 0, 11, 2.341, 2.806, 0.333, 1.444, 1.731, 1.988, 2.213, 'Diesel', 1, 60),
(9, 0, 201, 0, 12, 1.862, 0.394, 0.878, 0.366, 1.044, 1.06, 0.654, 'Diesel', 1, 60),
(10, 0, 201, 0, 13, 1.583, 0.85, 0.705, 2.374, 0.523, 1.222, 0.814, 'Diesel', 1, 60),
(11, 0, 201, 0, 14, 1.081, 0.758, 1.655, 2.518, 2.507, 0.948, 2.871, 'Diesel', 1, 60),
(12, 0, 201, 0, 15, 0.941, 2.954, 2.863, 0.098, 1.331, 0.763, 0.22, 'Diesel', 1, 60),
(13, 0, 201, 0, 16, 1.058, 2.395, 0.063, 1.174, 2.746, 0.477, 2.727, 'Diesel', 1, 60),
(14, 0, 201, 0, 17, 0.229, 2.075, 1.805, 1.774, 2.673, 2.422, 2.289, 'Diesel', 1, 60),
(15, 0, 201, 0, 18, 1.837, 1.072, 2.909, 0.218, 2.019, 0.025, 0.04, 'Diesel', 1, 60),
(16, 0, 201, 0, 19, 2.346, 1.74, 2.869, 2.926, 1.192, 2.022, 2.093, 'Diesel', 1, 60),
(17, 0, 201, 0, 20, 2.566, 1.773, 1.812, 0.014, 1.072, 1.596, 2.676, 'Diesel', 1, 60),
(18, 0, 201, 0, 21, 0.108, 1.813, 2.745, 0.405, 2.248, 2.91, 2.215, 'Diesel', 1, 60),
(19, 0, 201, 0, 22, 0.824, 0.52, 1.907, 1.226, 1.601, 1.291, 2.647, 'Diesel', 1, 60),
(20, 0, 201, 0, 23, 1.198, 1.237, 2.146, 0.166, 2.55, 2.901, 0.929, 'Diesel', 1, 60),
(21, 0, 201, 0, 24, 1.512, 1.774, 1.909, 0.997, 1.245, 1.617, 1.484, 'Diesel', 1, 60),
(22, 0, 201, 0, 25, 1.984, 0.022, 1.52, 1.768, 2.674, 1.612, 2.169, 'Diesel', 1, 60),
(23, 0, 201, 0, 26, 1.292, 2.258, 1.27, 2.61, 2.867, 0.009, 2.874, 'Diesel', 1, 60),
(24, 0, 201, 0, 28, 2.014, 1.675, 2.627, 0.521, 0.966, 0.492, 1.487, 'Diesel', 1, 60),
(25, 1, 201, 1, 3, 0.617, 0.394, 0.908, 0.382, 0.112, 0.038, 0.979, 'Diesel', 1, 60),
(26, 1, 201, 1, 4, 0.983, 0.075, 0.691, 0.722, 0.889, 0.196, 0.829, 'Diesel', 1, 60),
(27, 1, 201, 1, 5, 0.305, 0.206, 0.31, 0.365, 0.889, 0.323, 0.275, 'Diesel', 1, 60),
(28, 1, 201, 1, 6, 0.22, 0.261, 0.648, 0.338, 0.49, 0.546, 0.224, 'Diesel', 1, 60),
(29, 1, 201, 1, 7, 0.621, 0.469, 0.349, 0.282, 0.364, 0.924, 0.744, 'Diesel', 1, 60),
(30, 1, 201, 1, 8, 0.325, 0.547, 0.444, 0.067, 0.086, 0.633, 0.702, 'Diesel', 1, 60),
(31, 1, 201, 1, 9, 0.298, 0.17, 0.474, 0.959, 0.986, 0.781, 0.876, 'Diesel', 1, 60),
(32, 1, 201, 1, 10, 0.903, 0.042, 0.415, 0.466, 0.662, 0.459, 0.762, 'Diesel', 1, 60),
(33, 1, 201, 1, 11, 0.285, 0.293, 0.915, 0.509, 0.479, 0.752, 0.19, 'Diesel', 1, 60),
(34, 1, 201, 1, 12, 0.326, 0.853, 0.427, 0.504, 0.511, 0.204, 0.44, 'Diesel', 1, 60),
(35, 1, 201, 1, 13, 0.78, 0.285, 0.824, 0.798, 0.433, 0.825, 0.8, 'Diesel', 1, 60),
(36, 1, 201, 1, 14, 0.064, 0.376, 0.868, 0.001, 0.546, 0.631, 0.331, 'Diesel', 1, 60),
(37, 1, 201, 1, 15, 0.188, 0.568, 0.949, 0.329, 0.04, 0.044, 0.807, 'Diesel', 1, 60),
(38, 1, 201, 1, 16, 0.112, 0.975, 0.361, 0.515, 0.653, 0.124, 0.52, 'Diesel', 1, 60),
(39, 1, 201, 1, 17, 0.463, 0.441, 0.914, 0.085, 0.924, 0.389, 0.025, 'Diesel', 1, 60),
(40, 1, 201, 1, 18, 0.478, 0.331, 0.197, 0.505, 0.186, 0.215, 0.667, 'Diesel', 1, 60),
(41, 1, 201, 1, 19, 0.822, 0.769, 0.355, 0.176, 0.22, 0.936, 0.488, 'Diesel', 1, 60),
(42, 1, 201, 1, 20, 0.593, 0.979, 0.857, 0.531, 0.958, 0.028, 0.091, 'Diesel', 1, 60),
(43, 1, 201, 1, 21, 0.495, 0.95, 0.862, 0.46, 0.153, 0.116, 0.732, 'Diesel', 1, 60),
(44, 1, 201, 1, 22, 0.138, 0.784, 0.003, 0.826, 0.348, 0.056, 0.349, 'Diesel', 1, 60),
(45, 1, 201, 1, 23, 0.663, 0.724, 0.024, 0.858, 0.816, 0.098, 0.682, 'Diesel', 1, 60),
(46, 1, 201, 1, 24, 0.315, 0.218, 0.224, 0.753, 0.583, 0.132, 0.232, 'Diesel', 1, 60),
(47, 1, 201, 1, 25, 0.758, 0.174, 0.786, 0.419, 0.719, 0.816, 0.335, 'Diesel', 1, 60),
(48, 1, 201, 1, 26, 0.198, 0.452, 0.496, 0.967, 0.498, 0.552, 0.15, 'Diesel', 1, 60),
(49, 1, 201, 1, 28, 0.536, 1.0, 0.686, 0.731, 0.616, 0.265, 0.742, 'Diesel', 1, 60),
(50, 2, 202, 2, 3, 2.073, 1.266, 0.577, 0.598, 0.464, 2.767, 2.425, 'Diesel', 1, 60),
(51, 2, 202, 2, 4, 0.515, 1.036, 2.178, 0.32, 2.448, 2.335, 0.602, 'Diesel', 1, 60),
(52, 2, 202, 2, 5, 1.923, 1.931, 2.19, 2.958, 0.069, 1.983, 1.971, 'Diesel', 1, 60),
(53, 2, 202, 2, 6, 0.365, 2.189, 2.661, 2.352, 0.348, 2.316, 2.059, 'Diesel', 1, 60),
(54, 2, 202, 2, 7, 1.383, 2.772, 1.062, 1.864, 0.707, 2.611, 2.178, 'Diesel', 1, 60),
(55, 2, 202, 2, 8, 2.989, 1.45, 2.778, 1.138, 2.83, 2.205, 2.647, 'Diesel', 1, 60),
(56, 2, 202, 2, 9, 2.078, 1.226, 1.089, 0.525, 2.445, 2.675, 2.212, 'Diesel', 1, 60),
(57, 2, 202, 2, 10, 2.542, 2.116, 2.442, 1.828, 0.382, 2.959, 1.058, 'Diesel', 1, 60),
(58, 2, 202, 2, 11, 0.229, 1.743, 0.177, 1.784, 0.814, 0.491, 1.948, 'Diesel', 1, 60),
(59, 2, 202, 2, 12, 2.373, 0.771, 2.446, 1.188, 0.529, 2.363, 2.526, 'Diesel', 1, 60),
(60, 2, 202, 2, 13, 2.715, 1.265, 1.995, 2.448, 2.0, 0.017, 0.564, 'Diesel', 1, 60),
(61, 2, 202, 2, 14, 2.002, 2.965, 2.824, 1.701, 2.501, 2.32, 2.977, 'Diesel', 1, 60),
(62, 2, 202, 2, 15, 2.726, 1.748, 2.195, 0.699, 2.489, 0.983, 1.851, 'Diesel', 1, 60),
(63, 2, 202, 2, 16, 0.733, 1.992, 1.127, 1.391, 1.476, 1.172, 2.134, 'Diesel', 1, 60),
(64, 2, 202, 2, 17, 1.552, 2.81, 1.223, 2.703, 1.969, 1.074, 0.253, 'Diesel', 1, 60),
(65, 2, 202, 2, 18, 2.833, 0.73, 1.366, 0.544, 1.274, 0.62, 2.28, 'Diesel', 1, 60),
(66, 2, 202, 2, 19, 1.13, 1.815, 2.755, 2.218, 1.929, 1.251, 1.059, 'Diesel', 1, 60),
(67, 2, 202, 2, 20, 1.818, 1.188, 0.662, 0.122, 1.078, 1.034, 0.695, 'Diesel', 1, 60),
(68, 2, 202, 2, 21, 1.766, 2.425, 2.532, 2.688, 1.316, 0.063, 2.366, 'Diesel', 1, 60),
(69, 2, 202, 2, 22, 1.746, 2.39, 0.445, 2.155, 0.941, 0.559, 0.682, 'Diesel', 1, 60),
(70, 2, 202, 2, 23, 0.016, 2.771, 0.33, 1.832, 2.525, 1.085, 2.053, 'Diesel', 1, 60),
(71, 2, 202, 2, 24, 2.176, 1.222, 0.871, 2.066, 2.365, 0.42, 1.189, 'Diesel', 1, 60),
(72, 2, 202, 2, 25, 0.515, 0.72, 0.501, 0.352, 1.047, 0.421, 2.035, 'Diesel', 1, 60),
(73, 2, 202, 2, 26, 0.332, 2.929, 1.83, 2.437, 0.234, 2.63, 1.351, 'Diesel', 1, 60),
(74, 2, 202, 2, 28, 2.627, 0.881, 2.019, 1.175, 2.473, 0.103, 1.542, 'Diesel', 1, 60),
(75, 3, 202, 3, 3, 0.988, 0.787, 0.159, 0.884, 0.845, 0.55, 0.342, 'Diesel', 1, 60),
(76, 3, 202, 3, 4, 0.706, 0.038, 0.46, 0.562, 0.558, 0.614, 0.485, 'Diesel', 1, 60),
(77, 3, 202, 3, 5, 0.957, 0.878, 0.56, 0.7, 0.835, 0.212, 0.414, 'Diesel', 1, 60),
(78, 3, 202, 3, 6, 0.862, 0.671, 0.354, 0.603, 0.084, 0.89, 0.437, 'Diesel', 1, 60),
(79, 3, 202, 3, 7, 0.082, 0.508, 0.529, 0.859, 0.149, 0.723, 0.651, 'Diesel', 1, 60),
(80, 3, 202, 3, 8, 0.678, 0.912, 0.177, 0.359, 0.541, 0.97, 0.17, 'Diesel', 1, 60),
(81, 3, 202, 3, 9, 0.272, 0.058, 0.386, 0.268, 0.912, 0.638, 0.47, 'Diesel', 1, 60),
(82, 3, 202, 3, 10, 0.648, 0.095, 0.623, 0.913, 0.919, 0.528, 0.802, 'Diesel', 1, 60),
(83, 3, 202, 3, 11, 0.259, 0.27, 0.489, 0.422, 0.99, 0.324, 0.194, 'Diesel', 1, 60),
(84, 3, 202, 3, 12, 0.283, 0.437, 0.585, 0.087, 0.587, 0.585, 0.614, 'Diesel', 1, 60),
(85, 3, 202, 3, 13, 0.243, 0.022, 0.474, 0.428, 0.416, 0.317, 0.785, 'Diesel', 1, 60),
(86, 3, 202, 3, 14, 0.337, 0.368, 0.023, 0.595, 0.819, 0.904, 0.5, 'Diesel', 1, 60),
(87, 3, 202, 3, 15, 0.799, 0.117, 0.892, 0.705, 0.225, 0.786, 0.537, 'Diesel', 1, 60),
(88, 3, 202, 3, 16, 0.269, 0.131, 0.809, 0.811, 0.719, 0.674, 0.275, 'Diesel', 1, 60),
(89, 3, 202, 3, 17, 0.423, 0.922, 0.335, 0.081, 0.632, 0.329, 0.44, 'Diesel', 1, 60),
(90, 3, 202, 3, 18, 0.177, 0.325, 0.196, 0.276, 0.221, 0.341, 0.97, 'Diesel', 1, 60),
(91, 3, 202, 3, 19, 0.298, 0.595, 0.22, 0.42, 0.648, 0.4, 0.77, 'Diesel', 1, 60),
(92, 3, 202, 3, 20, 0.084, 0.876, 0.026, 0.055, 0.771, 0.492, 0.633, 'Diesel', 1, 60),
(93, 3, 202, 3, 21, 0.172, 0.748, 0.609, 0.446, 0.873, 0.32, 0.046, 'Diesel', 1, 60),
(94, 3, 202, 3, 22, 0.035, 0.92, 0.826, 0.17, 0.8, 0.357, 0.569, 'Diesel', 1, 60),
(95, 3, 202, 3, 23, 0.049, 0.764, 0.225, 0.089, 0.348, 0.069, 0.461, 'Diesel', 1, 60),
(96, 3, 202, 3, 24, 0.218, 0.383, 0.36, 0.447, 0.988, 0.502, 0.403, 'Diesel', 1, 60),
(97, 3, 202, 3, 25, 0.371, 0.246, 0.079, 0.092, 0.846, 0.023, 0.308, 'Diesel', 1, 60),
(98, 3, 202, 3, 26, 0.28, 0.78, 0.241, 0.489, 0.55, 0.829, 0.526, 'Diesel', 1, 60),
(99, 3, 202, 3, 28, 0.948, 0.594, 0.006, 0.447, 0.317, 0.644, 0.877, 'Diesel', 1, 60),
(100, 4, 203, 4, 3, 4.483, 3.56, 0.598, 0.895, 2.573, 3.769, 1.397, 'Diesel', 1, 60),
(101, 4, 203, 4, 4, 1.69, 0.811, 2.108, 0.526, 2.131, 2.309, 2.419, 'Diesel', 1, 60),
(102, 4, 203, 4, 5, 0.017, 4.062, 1.365, 2.564, 3.852, 2.681, 3.98, 'Diesel', 1, 60),
(103, 4, 203, 4, 6, 0.778, 1.538, 3.893, 3.991, 0.404, 0.469, 4.571, 'Diesel', 1, 60),
(104, 4, 203, 4, 7, 1.169, 2.552, 0.312, 4.306, 0.243, 4.89, 0.37, 'Diesel', 1, 60),
(105, 4, 203, 4, 8, 3.456, 4.279, 2.7, 0.047, 1.201, 1.885, 4.607, 'Diesel', 1, 60),
(106, 4, 203, 4, 9, 0.113, 0.434, 4.352, 0.182, 0.662, 2.097, 1.654, 'Diesel', 1, 60),
(107, 4, 203, 4, 10, 3.304, 1.923, 3.359, 4.871, 0.192, 1.54, 1.567, 'Diesel', 1, 60),
(108, 4, 203, 4, 11, 3.434, 3.274, 1.863, 3.066, 1.437, 2.17, 4.676, 'Diesel', 1, 60),
(109, 4, 203, 4, 12, 1.508, 0.082, 1.49, 1.26, 2.444, 0.555, 4.838, 'Diesel', 1, 60),
(110, 4, 203, 4, 13, 4.089, 2.377, 3.825, 0.626, 2.374, 1.836, 1.705, 'Diesel', 1, 60),
(111, 4, 203, 4, 14, 2.795, 3.685, 1.607, 2.165, 0.521, 4.141, 1.178, 'Diesel', 1, 60),
(112, 4, 203, 4, 15, 3.762, 0.075, 1.947, 0.957, 2.339, 1.882, 3.329, 'Diesel', 1, 60),
(113, 4, 203, 4, 16, 0.258, 0.037, 1.296, 3.029, 0.591, 4.832, 0.116, 'Diesel', 1, 60),
(114, 4, 203, 4, 17, 3.112, 0.762, 1.434, 4.47, 0.952, 0.406, 0.578, 'Diesel', 1, 60),
(115, 4, 203, 4, 18, 2.714, 3.832, 3.031, 0.418, 1.784, 3.018, 4.487, 'Diesel', 1, 60),
(116, 4, 203, 4, 19, 3.183, 0.265, 2.199, 0.646, 0.409, 2.045, 1.179, 'Diesel', 1, 60),
(117, 4, 203, 4, 20, 0.165, 1.095, 2.77, 3.849, 3.027, 3.319, 0.197, 'Diesel', 1, 60),
(118, 4, 203, 4, 21, 4.179, 1.179, 3.767, 4.095, 0.498, 3.22, 2.91, 'Diesel', 1, 60),
(119, 4, 203, 4, 22, 3.013, 4.053, 4.495, 2.299, 0.531, 1.481, 4.329, 'Diesel', 1, 60),
(120, 4, 203, 4, 23, 2.496, 0.425, 1.256, 2.393, 0.25, 1.24, 4.851, 'Diesel', 1, 60),
(121, 4, 203, 4, 24, 0.758, 1.674, 4.591, 1.401, 3.029, 0.028, 2.626, 'Diesel', 1, 60),
(122, 4, 203, 4, 25, 0.634, 4.943, 4.551, 3.754, 0.085, 1.21, 2.519, 'Diesel', 1, 60),
(123, 4, 203, 4, 26, 0.308, 1.605, 0.391, 1.335, 1.674, 1.298, 0.458, 'Diesel', 1, 60),
(124, 4, 203, 4, 28, 4.584, 4.826, 4.54, 0.859, 1.766, 0.872, 3.622, 'Diesel', 1, 60),
(125, 5, 203, 5, 3, 1.502, 2.041, 1.36, 4.714, 4.383, 2.129, 1.316, 'Diesel', 1, 60),
(126, 5, 203, 5, 4, 1.261, 0.398, 1.625, 0.538, 0.383, 4.623, 1.218, 'Diesel', 1, 60),
(127, 5, 203, 5, 5, 2.651, 2.942, 0.507, 0.54, 2.638, 3.152, 1.585, 'Diesel', 1, 60),
(128, 5, 203, 5, 6, 1.337, 1.508, 4.942, 3.106, 3.414, 3.12, 0.288, 'Diesel', 1, 60),
(129, 5, 203, 5, 7, 3.42, 4.137, 1.25, 0.869, 2.893, 2.885, 0.064, 'Diesel', 1, 60),
(130, 5, 203, 5, 8, 0.836, 0.131, 1.314, 2.305, 0.515, 4.38, 1.292, 'Diesel', 1, 60),
(131, 5, 203, 5, 9, 4.494, 4.445, 0.891, 1.915, 0.459, 0.551, 2.787, 'Diesel', 1, 60),
(132, 5, 203, 5, 10, 3.553, 3.271, 1.45, 2.679, 2.89, 2.684, 2.114, 'Diesel', 1, 60),
(133, 5, 203, 5, 11, 2.404, 4.625, 4.402, 0.927, 3.301, 1.111, 4.918, 'Diesel', 1, 60),
(134, 5, 203, 5, 12, 3.736, 3.871, 0.766, 1.516, 0.852, 4.759, 0.833, 'Diesel', 1, 60),
(135, 5, 203, 5, 13, 1.641, 4.453, 2.069, 0.764, 2.355, 2.828, 2.597, 'Diesel', 1, 60),
(136, 5, 203, 5, 14, 2.162, 3.902, 2.915, 4.051, 1.783, 0.325, 2.971, 'Diesel', 1, 60),
(137, 5, 203, 5, 15, 2.929, 4.893, 0.195, 4.367, 1.596, 1.937, 0.675, 'Diesel', 1, 60),
(138, 5, 203, 5, 16, 0.69, 2.641, 0.67, 1.765, 4.209, 3.76, 3.707, 'Diesel', 1, 60),
(139, 5, 203, 5, 17, 2.863, 3.722, 4.195, 0.042, 4.407, 1.114, 2.839, 'Diesel', 1, 60),
(140, 5, 203, 5, 18, 3.074, 1.986, 3.138, 4.038, 0.257, 2.331, 0.673, 'Diesel', 1, 60),
(141, 5, 203, 5, 19, 4.312, 0.24, 4.987, 1.17, 1.467, 4.352, 3.906, 'Diesel', 1, 60),
(142, 5, 203, 5, 20, 0.117, 1.67, 3.361, 3.97, 2.838, 4.676, 3.612, 'Diesel', 1, 60),
(143, 5, 203, 5, 21, 0.517, 3.959, 4.19, 2.36, 1.44, 3.851, 3.658, 'Diesel', 1, 60),
(144, 5, 203, 5, 22, 3.35, 4.116, 1.734, 0.217, 4.71, 0.694, 4.237, 'Diesel', 1, 60),
(145, 5, 203, 5, 23, 2.515, 2.705, 0.702, 0.956, 1.208, 4.962, 1.798, 'Diesel', 1, 60),
(146, 5, 203, 5, 24, 2.898, 0.468, 0.404, 0.556, 0.971, 1.774, 3.662, 'Diesel', 1, 60),
(147, 5, 203, 5, 25, 4.564, 3.64, 1.063, 0.481, 0.879, 1.622, 4.361, 'Diesel', 1, 60),
(148, 5, 203, 5, 26, 3.97, 3.898, 2.757, 1.521, 0.759, 3.98, 0.921, 'Diesel', 1, 60),
(149, 5, 203, 5, 28, 1.337, 4.447, 3.997, 4.538, 4.178, 3.905, 0.131, 'Diesel', 1, 60),
(150, 6, 204, 6, 3, 0.569, 0.32, 0.571, 0.014, 0.601, 1.179, 1.31, 'Diesel', 1, 60),
(151, 6, 204, 6, 4, 0.342, 1.137, 0.989, 0.403, 0.896, 0.804, 0.738, 'Diesel', 1, 60),
(152, 6, 204, 6, 5, 1.437, 0.913, 1.421, 1.184, 1.478, 0.302, 1.334, 'Diesel', 1, 60),
(153, 6, 204, 6, 6, 0.833, 0.811, 0.772, 1.405, 1.674, 0.795, 0.729, 'Diesel', 1, 60),
(154, 6, 204, 6, 7, 0.266, 0.127, 1.636, 0.078, 0.447, 1.552, 1.897, 'Diesel', 1, 60),
(155, 6, 204, 6, 8, 1.452, 1.502, 1.872, 1.302, 1.161, 1.66, 0.903, 'Diesel', 1, 60),
(156, 6, 204, 6, 9, 1.748, 0.1, 0.573, 0.842, 1.497, 0.439, 0.714, 'Diesel', 1, 60),
(157, 6, 204, 6, 10, 1.846, 1.324, 1.166, 1.992, 1.602, 0.327, 0.774, 'Diesel', 1, 60),
(158, 6, 204, 6, 11, 1.825, 1.685, 0.813, 1.525, 1.36, 0.682, 1.76, 'Diesel', 1, 60),
(159, 6, 204, 6, 12, 0.12, 0.954, 0.061, 0.973, 0.295, 0.773, 0.195, 'Diesel', 1, 60),
(160, 6, 204, 6, 13, 0.789, 1.955, 0.207, 0.131, 0.996, 1.558, 0.139, 'Diesel', 1, 60),
(161, 6, 204, 6, 14, 0.427, 1.802, 0.7, 0.702, 0.013, 0.05, 1.021, 'Diesel', 1, 60),
(162, 6, 204, 6, 15, 0.043, 1.284, 1.885, 0.359, 1.033, 0.204, 1.418, 'Diesel', 1, 60),
(163, 6, 204, 6, 16, 1.708, 1.142, 0.198, 1.181, 0.963, 0.485, 1.762, 'Diesel', 1, 60),
(164, 6, 204, 6, 17, 0.913, 1.854, 0.457, 1.402, 1.589, 0.219, 0.582, 'Diesel', 1, 60),
(165, 6, 204, 6, 18, 0.298, 0.067, 0.823, 0.221, 0.167, 1.106, 0.435, 'Diesel', 1, 60),
(166, 6, 204, 6, 19, 1.722, 1.305, 1.119, 1.369, 0.977, 0.032, 1.578, 'Diesel', 1, 60),
(167, 6, 204, 6, 20, 1.487, 0.731, 0.092, 1.546, 1.478, 0.937, 0.22, 'Diesel', 1, 60),
(168, 6, 204, 6, 21, 0.731, 0.768, 0.927, 0.96, 0.717, 1.025, 0.962, 'Diesel', 1, 60),
(169, 6, 204, 6, 22, 1.917, 1.201, 0.299, 0.207, 0.38, 1.64, 0.931, 'Diesel', 1, 60),
(170, 6, 204, 6, 23, 1.348, 1.794, 0.286, 1.217, 1.232, 1.588, 0.777, 'Diesel', 1, 60),
(171, 6, 204, 6, 24, 0.071, 1.735, 1.026, 0.366, 1.195, 1.552, 1.714, 'Diesel', 1, 60),
(172, 6, 204, 6, 25, 1.341, 1.242, 1.629, 1.96, 1.389, 0.005, 1.924, 'Diesel', 1, 60),
(173, 6, 204, 6, 26, 0.118, 1.257, 0.962, 1.971, 0.542, 1.511, 0.935, 'Diesel', 1, 60),
(174, 6, 204, 6, 28, 0.937, 0.859, 1.764, 1.785, 0.603, 1.547, 1.784, 'Diesel', 1, 60),
(175, 7, 204, 7, 3, 1.057, 0.552, 1.238, 1.403, 1.845, 0.093, 0.258, 'Diesel', 1, 60),
(176, 7, 204, 7, 4, 1.681, 1.061, 1.037, 1.932, 1.442, 0.079, 0.147, 'Diesel', 1, 60),
(177, 7, 204, 7, 5, 0.17, 1.201, 0.496, 0.061, 0.452, 1.094, 1.516, 'Diesel', 1, 60),
(178, 7, 204, 7, 6, 1.28, 1.637, 1.357, 1.704, 1.791, 0.808, 1.63, 'Diesel', 1, 60),
(179, 7, 204, 7, 7, 0.685, 0.795, 0.87, 0.814, 1.674, 0.49, 1.668, 'Diesel', 1, 60),
(180, 7, 204, 7, 8, 0.98, 1.074, 0.17, 1.949, 0.16, 1.453, 1.157, 'Diesel', 1, 60),
(181, 7, 204, 7, 9, 0.869, 1.735, 0.255, 0.049, 0.872, 1.712, 0.256, 'Diesel', 1, 60),
(182, 7, 204, 7, 10, 0.061, 1.795, 1.526, 0.721, 0.951, 0.048, 1.858, 'Diesel', 1, 60),
(183, 7, 204, 7, 11, 1.921, 1.696, 0.893, 1.366, 0.2, 0.282, 1.59, 'Diesel', 1, 60),
(184, 7, 204, 7, 12, 0.574, 0.089, 1.48, 0.999, 1.376, 1.675, 1.06, 'Diesel', 1, 60),
(185, 7, 204, 7, 13, 0.476, 0.173, 0.28, 0.163, 1.7, 1.621, 0.547, 'Diesel', 1, 60),
(186, 7, 204, 7, 14, 0.104, 0.691, 0.096, 1.627, 0.706, 1.999, 0.677, 'Diesel', 1, 60),
(187, 7, 204, 7, 15, 0.547, 0.755, 1.739, 1.256, 1.434, 1.591, 0.177, 'Diesel', 1, 60),
(188, 7, 204, 7, 16, 0.561, 0.812, 1.11, 1.382, 1.463, 1.709, 1.665, 'Diesel', 1, 60),
(189, 7, 204, 7, 17, 0.461, 1.168, 1.739, 0.616, 0.235, 1.551, 0.636, 'Diesel', 1, 60),
(190, 7, 204, 7, 18, 0.821, 0.388, 1.05, 0.314, 0.237, 1.824, 0.52, 'Diesel', 1, 60),
(191, 7, 204, 7, 19, 0.797, 1.106, 1.445, 0.575, 0.38, 1.224, 0.088, 'Diesel', 1, 60),
(192, 7, 204, 7, 20, 1.62, 1.848, 1.965, 0.306, 1.831, 1.131, 1.801, 'Diesel', 1, 60),
(193, 7, 204, 7, 21, 1.655, 0.393, 0.199, 0.795, 1.191, 0.292, 1.354, 'Diesel', 1, 60),
(194, 7, 204, 7, 22, 0.997, 1.342, 0.882, 0.777, 1.935, 0.053, 1.892, 'Diesel', 1, 60),
(195, 7, 204, 7, 23, 0.287, 1.339, 1.962, 1.146, 1.787, 1.847, 0.777, 'Diesel', 1, 60),
(196, 7, 204, 7, 24, 0.466, 1.186, 0.415, 1.969, 0.763, 0.991, 1.186, 'Diesel', 1, 60),
(197, 7, 204, 7, 25, 0.541, 1.273, 0.703, 0.221, 1.725, 1.963, 0.737, 'Diesel', 1, 60),
(198, 7, 204, 7, 26, 1.732, 1.062, 0.165, 0.137, 1.461, 1.8, 1.843, 'Diesel', 1, 60),
(199, 7, 204, 7, 28, 1.364, 1.391, 1.196, 1.606, 0.161, 0.014, 0.111, 'Diesel', 1, 60),
(200, 8, 205, 8, 3, 0.358, 0.38, 0.341, 0.057, 0.395, 0.665, 0.917, 'Diesel', 1, 60),
(201, 8, 205, 8, 4, 0.694, 0.7, 0.404, 0.54, 0.013, 0.364, 0.405, 'Diesel', 1, 60),
(202, 8, 205, 8, 5, 0.527, 0.225, 0.276, 0.967, 0.472, 0.093, 0.949, 'Diesel', 1, 60),
(203, 8, 205, 8, 6, 0.973, 0.796, 0.466, 0.813, 0.811, 0.95, 0.247, 'Diesel', 1, 60),
(204, 8, 205, 8, 7, 0.412, 0.429, 0.272, 0.13, 0.376, 0.263, 0.321, 'Diesel', 1, 60),
(205, 8, 205, 8, 8, 0.475, 0.86, 0.71, 0.623, 0.159, 0.878, 0.735, 'Diesel', 1, 60),
(206, 8, 205, 8, 9, 0.984, 0.515, 0.207, 0.493, 0.378, 0.548, 0.337, 'Diesel', 1, 60),
(207, 8, 205, 8, 10, 0.602, 0.714, 0.054, 0.771, 0.846, 0.486, 0.369, 'Diesel', 1, 60),
(208, 8, 205, 8, 11, 0.544, 0.132, 0.22, 0.136, 0.638, 0.541, 0.63, 'Diesel', 1, 60),
(209, 8, 205, 8, 12, 0.402, 0.961, 0.468, 0.447, 0.698, 0.103, 0.942, 'Diesel', 1, 60),
(210, 8, 205, 8, 13, 0.911, 0.765, 0.601, 0.691, 0.596, 0.12, 0.361, 'Diesel', 1, 60),
(211, 8, 205, 8, 14, 0.987, 0.361, 0.637, 0.559, 0.737, 0.16, 0.925, 'Diesel', 1, 60),
(212, 8, 205, 8, 15, 0.242, 0.822, 0.214, 0.634, 0.857, 0.445, 0.295, 'Diesel', 1, 60),
(213, 8, 205, 8, 16, 0.204, 0.579, 0.382, 0.237, 0.232, 0.64, 0.911, 'Diesel', 1, 60),
(214, 8, 205, 8, 17, 0.699, 0.506, 0.658, 0.575, 0.522, 0.003, 0.279, 'Diesel', 1, 60),
(215, 8, 205, 8, 18, 0.82, 0.711, 0.948, 0.155, 0.437, 0.173, 0.365, 'Diesel', 1, 60),
(216, 8, 205, 8, 19, 0.562, 0.682, 0.694, 0.795, 0.171, 0.463, 0.572, 'Diesel', 1, 60),
(217, 8, 205, 8, 20, 0.738, 0.68, 0.903, 0.626, 0.381, 0.777, 0.333, 'Diesel', 1, 60),
(218, 8, 205, 8, 21, 0.775, 0.138, 0.151, 0.407, 0.535, 0.648, 0.861, 'Diesel', 1, 60),
(219, 8, 205, 8, 22, 0.679, 0.158, 0.808, 0.352, 0.046, 0.832, 0.877, 'Diesel', 1, 60),
(220, 8, 205, 8, 23, 0.283, 0.281, 0.781, 0.908, 0.096, 0.818, 0.556, 'Diesel', 1, 60),
(221, 8, 205, 8, 24, 0.117, 0.405, 0.606, 0.827, 0.813, 0.04, 0.839, 'Diesel', 1, 60),
(222, 8, 205, 8, 25, 0.899, 0.624, 0.795, 0.122, 0.192, 0.081, 0.341, 'Diesel', 1, 60),
(223, 8, 205, 8, 26, 0.579, 0.178, 0.707, 0.777, 0.666, 0.687, 0.302, 'Diesel', 1, 60),
(224, 8, 205, 8, 28, 0.696, 0.458, 0.431, 0.298, 0.527, 0.316, 0.893, 'Diesel', 1, 60),
(225, 9, 205, 9, 3, 0.603, 0.584, 0.95, 0.869, 0.913, 0.72, 0.29, 'Diesel', 1, 60),
(226, 9, 205, 9, 4, 0.968, 0.232, 0.37, 0.022, 0.269, 0.649, 0.898, 'Diesel', 1, 60),
(227, 9, 205, 9, 5, 0.253, 0.107, 0.728, 0.235, 0.139, 0.473, 0.458, 'Diesel', 1, 60),
(228, 9, 205, 9, 6, 0.694, 0.083, 0.598, 0.964, 0.103, 0.829, 0.158, 'Diesel', 1, 60),
(229, 9, 205, 9, 7, 0.07, 0.261, 0.128, 0.535, 0.738, 0.711, 0.343, 'Diesel', 1, 60),
(230, 9, 205, 9, 8, 0.337, 0.12, 0.671, 0.745, 0.829, 0.369, 0.937, 'Diesel', 1, 60),
(231, 9, 205, 9, 9, 0.081, 0.675, 0.26, 0.912, 0.403, 0.373, 0.62, 'Diesel', 1, 60),
(232, 9, 205, 9, 10, 0.566, 0.892, 0.853, 0.743, 0.334, 0.672, 0.238, 'Diesel', 1, 60),
(233, 9, 205, 9, 11, 0.799, 0.738, 0.635, 0.499, 0.374, 0.382, 0.669, 'Diesel', 1, 60),
(234, 9, 205, 9, 12, 0.68, 0.874, 0.99, 0.216, 0.557, 0.185, 0.893, 'Diesel', 1, 60),
(235, 9, 205, 9, 13, 0.133, 0.776, 0.732, 0.244, 0.372, 0.961, 0.754, 'Diesel', 1, 60),
(236, 9, 205, 9, 14, 0.457, 0.999, 0.698, 0.401, 0.785, 0.92, 0.329, 'Diesel', 1, 60),
(237, 9, 205, 9, 15, 0.572, 0.903, 0.49, 0.192, 0.754, 0.168, 0.207, 'Diesel', 1, 60),
(238, 9, 205, 9, 16, 0.457, 0.652, 0.113, 0.647, 0.94, 0.183, 0.102, 'Diesel', 1, 60),
(239, 9, 205, 9, 17, 0.926, 0.958, 0.958, 0.702, 0.463, 0.2, 0.581, 'Diesel', 1, 60),
(240, 9, 205, 9, 18, 0.953, 0.375, 0.376, 0.92, 0.794, 0.833, 0.703, 'Diesel', 1, 60),
(241, 9, 205, 9, 19, 0.853, 0.001, 0.703, 0.602, 0.521, 0.931, 0.542, 'Diesel', 1, 60),
(242, 9, 205, 9, 20, 0.84, 0.932, 0.961, 0.646, 0.427, 0.005, 0.606, 'Diesel', 1, 60),
(243, 9, 205, 9, 21, 0.905, 0.594, 0.009, 0.2, 0.545, 0.873, 0.702, 'Diesel', 1, 60),
(244, 9, 205, 9, 22, 0.493, 0.258, 0.057, 0.452, 0.93, 0.53, 0.725, 'Diesel', 1, 60),
(245, 9, 205, 9, 23, 0.396, 0.781, 0.978, 0.447, 0.948, 0.494, 0.867, 'Diesel', 1, 60),
(246, 9, 205, 9, 24, 0.021, 0.846, 0.787, 0.233, 0.057, 0.469, 0.241, 'Diesel', 1, 60),
(247, 9, 205, 9, 25, 0.875, 0.021, 0.271, 0.403, 0.675, 0.808, 0.96, 'Diesel', 1, 60),
(248, 9, 205, 9, 26, 0.465, 0.326, 0.603, 0.212, 0.636, 0.18, 0.462, 'Diesel', 1, 60),
(249, 9, 205, 9, 28, 0.09, 0.646, 0.464, 0.327, 0.181, 0.781, 0.545, 'Diesel', 1, 60),
(250, 9, 205, 9, 29, 0.683, 0.807, 0.08, 0.333, 0.031, 0.717, 0.618, 'Diesel', 1, 60),
(251, 9, 205, 9, 30, 0.452, 0.997, 0.855, 0.365, 0.881, 0.161, 0.457, 'Diesel', 1, 60),
(252, 9, 205, 9, 31, 0.914, 0.271, 0.275, 0.461, 0.482, 0.541, 0.112, 'Diesel', 1, 60),
(253, 9, 205, 9, 32, 0.251, 0.18, 0.198, 0.234, 0.972, 0.514, 0.491, 'Diesel', 1, 60),
(254, 9, 205, 9, 33, 0.249, 0.513, 0.686, 0.588, 0.178, 0.376, 0.998, 'Diesel', 1, 60),
(255, 9, 205, 9, 34, 0.741, 0.315, 0.527, 0.352, 0.381, 0.862, 0.706, 'Diesel', 1, 60),
(256, 9, 205, 9, 35, 0.262, 0.309, 0.424, 0.923, 0.76, 0.498, 0.032, 'Diesel', 1, 60),
(257, 9, 205, 9, 36, 0.031, 0.723, 1.0, 0.205, 0.534, 0.126, 0.767, 'Diesel', 1, 60),
(258, 9, 205, 9, 37, 0.288, 0.208, 0.547, 0.696, 0.89, 0.468, 0.686, 'Diesel', 1, 60),
(259, 9, 205, 9, 38, 0.156, 0.832, 0.626, 0.062, 0.006, 0.061, 0.941, 'Diesel', 1, 60),
(260, 9, 205, 9, 39, 0.587, 0.876, 0.551, 0.606, 0.558, 0.098, 0.696, 'Diesel', 1, 60),
(261, 9, 205, 9, 40, 0.421, 0.885, 0.338, 0.378, 0.126, 0.019, 0.489, 'Diesel', 1, 60),
(262, 9, 205, 9, 41, 0.766, 0.496, 0.816, 0.201, 0.906, 0.802, 0.232, 'Diesel', 1, 60),
(263, 9, 205, 9, 42, 0.796, 0.381, 0.256, 0.369, 0.53, 0.667, 0.298, 'Diesel', 1, 60),
(264, 9, 205, 9, 43, 0.653, 0.431, 0.902, 0.473, 0.544, 0.417, 0.988, 'Diesel', 1, 60),
(265, 9, 205, 9, 44, 0.496, 0.757, 0.108, 0.327, 0.816, 0.589, 0.0, 'Diesel', 1, 60),
(266, 9, 205, 9, 45, 0.43, 0.247, 0.441, 0.132, 0.276, 0.572, 0.053, 'Diesel', 1, 60),
(267, 9, 205, 9, 46, 0.56, 0.081, 0.331, 0.901, 0.085, 0.68, 0.753, 'Diesel', 1, 60),
(268, 9, 205, 9, 47, 0.396, 0.041, 0.626, 0.461, 0.644, 0.06, 0.537, 'Diesel', 1, 60),
(269, 9, 205, 9, 48, 0.507, 0.426, 0.789, 0.278, 0.203, 0.871, 0.98, 'Diesel', 1, 60),
(270, 9, 205, 9, 49, 0.68, 0.319, 0.674, 0.998, 0.108, 0.534, 0.664, 'Diesel', 1, 60),
(271, 9, 205, 9, 50, 0.798, 0.545, 0.634, 0.225, 0.564, 0.035, 0.298, 'Diesel', 1, 60),
(272, 9, 205, 9, 51, 0.47, 0.907, 0.777, 0.393, 0.517, 0.61, 0.354, 'Diesel', 1, 60),
(273, 10, 206, 10, 3, 2.911, 2.039, 1.535, 2.796, 2.809, 3.277, 3.529, 'Diesel', 1, 60),
(274, 10, 206, 10, 4, 2.926, 1.969, 2.035, 0.371, 1.541, 3.264, 2.765, 'Diesel', 1, 60),
(275, 10, 206, 10, 5, 1.242, 2.38, 0.731, 1.84, 3.621, 0.402, 1.924, 'Diesel', 1, 60),
(276, 10, 206, 10, 6, 1.383, 3.855, 3.427, 3.472, 1.154, 2.513, 2.181, 'Diesel', 1, 60),
(277, 10, 206, 10, 7, 0.747, 1.078, 0.691, 1.275, 0.407, 2.401, 3.793, 'Diesel', 1, 60),
(278, 10, 206, 10, 8, 2.341, 1.866, 0.568, 1.888, 0.078, 3.311, 3.722, 'Diesel', 1, 60),
(279, 10, 206, 10, 9, 1.614, 1.721, 1.159, 0.945, 1.22, 2.752, 2.275, 'Diesel', 1, 60),
(280, 10, 206, 10, 10, 1.477, 0.609, 0.1, 0.977, 0.801, 3.374, 2.01, 'Diesel', 1, 60),
(281, 10, 206, 10, 11, 2.052, 2.234, 1.39, 0.253, 3.954, 3.405, 2.343, 'Diesel', 1, 60),
(282, 10, 206, 10, 12, 3.8, 3.698, 1.306, 3.689, 1.977, 0.432, 0.896, 'Diesel', 1, 60),
(283, 10, 206, 10, 13, 2.225, 1.382, 2.619, 1.962, 0.624, 3.288, 2.28, 'Diesel', 1, 60),
(284, 10, 206, 10, 14, 1.487, 1.123, 0.194, 3.272, 0.242, 1.364, 0.11, 'Diesel', 1, 60),
(285, 10, 206, 10, 15, 0.728, 3.152, 2.735, 3.38, 0.464, 1.913, 3.65, 'Diesel', 1, 60),
(286, 10, 206, 10, 16, 1.786, 2.036, 1.07, 3.891, 2.227, 3.275, 2.441, 'Diesel', 1, 60),
(287, 10, 206, 10, 17, 3.249, 3.237, 1.507, 0.528, 3.332, 2.313, 3.365, 'Diesel', 1, 60),
(288, 10, 206, 10, 18, 0.914, 1.76, 0.371, 2.362, 0.203, 1.248, 3.991, 'Diesel', 1, 60),
(289, 10, 206, 10, 19, 3.098, 0.156, 1.676, 1.837, 1.059, 2.145, 0.462, 'Diesel', 1, 60),
(290, 10, 206, 10, 20, 0.729, 2.043, 2.754, 3.895, 2.522, 3.026, 3.497, 'Diesel', 1, 60),
(291, 10, 206, 10, 21, 2.698, 3.75, 3.072, 0.237, 2.831, 2.974, 3.21, 'Diesel', 1, 60),
(292, 10, 206, 10, 22, 1.776, 2.628, 2.135, 1.936, 3.211, 2.329, 0.46, 'Diesel', 1, 60),
(293, 10, 206, 10, 23, 3.703, 0.763, 1.045, 2.284, 1.506, 1.752, 0.361, 'Diesel', 1, 60),
(294, 10, 206, 10, 24, 3.138, 2.691, 1.23, 0.283, 0.726, 1.643, 3.857, 'Diesel', 1, 60),
(295, 10, 206, 10, 25, 1.625, 3.494, 0.5, 1.5, 1.479, 0.129, 3.402, 'Diesel', 1, 60),
(296, 10, 206, 10, 26, 2.71, 0.904, 1.12, 3.444, 0.236, 1.544, 2.212, 'Diesel', 1, 60),
(297, 10, 206, 10, 28, 2.16, 2.383, 2.713, 2.686, 0.287, 1.586, 2.965, 'Diesel', 1, 60),
(298, 11, 206, 11, 3, 0.632, 0.807, 1.594, 4.919, 2.997, 3.074, 4.743, 'Diesel', 1, 60),
(299, 11, 206, 11, 4, 0.297, 2.878, 3.11, 4.233, 2.445, 3.541, 2.635, 'Diesel', 1, 60),
(300, 11, 206, 11, 5, 4.787, 3.656, 3.624, 2.767, 2.576, 4.329, 2.595, 'Diesel', 1, 60),
(301, 11, 206, 11, 6, 1.055, 4.292, 1.955, 3.22, 2.909, 3.17, 4.008, 'Diesel', 1, 60),
(302, 11, 206, 11, 7, 3.769, 4.791, 1.719, 3.929, 3.597, 3.889, 0.481, 'Diesel', 1, 60),
(303, 11, 206, 11, 8, 4.033, 1.422, 3.102, 4.661, 2.25, 0.636, 2.254, 'Diesel', 1, 60),
(304, 11, 206, 11, 9, 1.731, 1.81, 2.624, 0.354, 0.502, 3.062, 3.222, 'Diesel', 1, 60),
(305, 11, 206, 11, 10, 2.193, 3.058, 2.785, 2.453, 3.807, 2.257, 2.188, 'Diesel', 1, 60),
(306, 11, 206, 11, 11, 0.607, 4.437, 2.123, 0.374, 3.47, 2.201, 1.562, 'Diesel', 1, 60),
(307, 11, 206, 11, 12, 3.848, 1.972, 4.578, 3.352, 1.043, 0.226, 1.324, 'Diesel', 1, 60),
(308, 11, 206, 11, 13, 1.582, 4.661, 0.363, 0.901, 1.262, 1.265, 4.005, 'Diesel', 1, 60),
(309, 11, 206, 11, 14, 1.083, 3.186, 1.389, 0.897, 0.365, 2.724, 4.706, 'Diesel', 1, 60),
(310, 11, 206, 11, 15, 4.108, 1.992, 4.104, 4.164, 1.715, 2.617, 4.905, 'Diesel', 1, 60),
(311, 11, 206, 11, 16, 3.831, 2.015, 3.984, 4.575, 3.989, 1.036, 2.576, 'Diesel', 1, 60),
(312, 11, 206, 11, 17, 2.429, 0.056, 2.986, 1.587, 0.18, 3.604, 4.099, 'Diesel', 1, 60),
(313, 11, 206, 11, 18, 0.809, 3.735, 4.883, 2.208, 0.636, 3.376, 0.697, 'Diesel', 1, 60),
(314, 11, 206, 11, 19, 1.822, 2.292, 0.543, 2.714, 0.709, 1.978, 1.862, 'Diesel', 1, 60),
(315, 11, 206, 11, 20, 4.333, 0.883, 1.832, 2.648, 1.292, 2.091, 1.206, 'Diesel', 1, 60),
(316, 11, 206, 11, 21, 0.358, 2.838, 3.183, 1.745, 2.428, 0.795, 1.24, 'Diesel', 1, 60),
(317, 11, 206, 11, 22, 4.382, 1.22, 1.704, 0.366, 1.869, 3.68, 0.967, 'Diesel', 1, 60),
(318, 11, 206, 11, 23, 0.491, 4.853, 3.29, 0.405, 0.537, 0.151, 1.746, 'Diesel', 1, 60),
(319, 11, 206, 11, 24, 2.354, 2.488, 3.678, 4.574, 1.483, 4.802, 1.096, 'Diesel', 1, 60),
(320, 11, 206, 11, 25, 4.313, 4.121, 0.944, 4.306, 1.36, 2.388, 3.688, 'Diesel', 1, 60),
(321, 11, 206, 11, 26, 0.688, 4.632, 4.359, 4.23, 3.006, 3.356, 4.052, 'Diesel', 1, 60),
(322, 11, 206, 11, 28, 2.897, 4.41, 4.683, 2.36, 4.208, 4.073, 4.315, 'Diesel', 1, 60),
(323, 12, 206, 11, 3, 0.13, 0.48, 0.151, 0.745, 0.347, 0.954, 0.931, 'Diesel', 1, 60),
(324, 12, 206, 11, 4, 0.386, 0.992, 0.061, 0.362, 0.621, 0.571, 0.228, 'Diesel', 1, 60),
(325, 12, 206, 11, 5, 0.566, 0.776, 0.856, 0.268, 0.765, 0.671, 0.572, 'Diesel', 1, 60),
(326, 12, 206, 11, 6, 0.056, 0.184, 0.426, 0.761, 0.493, 0.379, 0.899, 'Diesel', 1, 60),
(327, 12, 206, 11, 7, 0.926, 0.955, 0.14, 0.975, 0.625, 0.206, 0.403, 'Diesel', 1, 60),
(328, 12, 206, 11, 8, 0.236, 0.359, 0.475, 0.936, 0.047, 0.483, 0.168, 'Diesel', 1, 60),
(329, 12, 206, 11, 9, 0.239, 0.158, 0.093, 0.376, 0.668, 0.2, 0.501, 'Diesel', 1, 60),
(330, 12, 206, 11, 10, 0.05, 0.822, 0.097, 0.964, 0.456, 0.276, 0.27, 'Diesel', 1, 60),
(331, 12, 206, 11, 11, 0.09, 0.304, 0.866, 0.34, 0.045, 0.374, 0.58, 'Diesel', 1, 60),
(332, 12, 206, 11, 12, 0.205, 0.581, 0.64, 0.67, 0.26, 0.725, 0.167, 'Diesel', 1, 60),
(333, 12, 206, 11, 13, 0.003, 0.126, 0.355, 0.281, 0.108, 0.293, 0.343, 'Diesel', 1, 60),
(334, 12, 206, 11, 14, 0.427, 0.508, 0.814, 0.178, 0.661, 0.445, 0.356, 'Diesel', 1, 60),
(335, 12, 206, 11, 15, 0.898, 0.007, 0.057, 0.487, 0.514, 0.852, 0.314, 'Diesel', 1, 60),
(336, 12, 206, 11, 16, 0.994, 0.416, 0.259, 0.743, 0.12, 0.62, 0.03, 'Diesel', 1, 60),
(337, 12, 206, 11, 17, 0.219, 0.216, 0.391, 0.887, 0.072, 0.026, 0.589, 'Diesel', 1, 60),
(338, 12, 206, 11, 18, 0.751, 0.983, 0.456, 0.069, 0.171, 0.977, 0.045, 'Diesel', 1, 60),
(339, 12, 206, 11, 19, 0.916, 0.094, 0.222, 0.529, 1.0, 0.769, 0.018, 'Diesel', 1, 60),
(340, 12, 206, 11, 20, 0.672, 0.945, 0.286, 0.25, 0.439, 0.167, 0.761, 'Diesel', 1, 60),
(341, 12, 206, 11, 21, 0.463, 0.279, 0.416, 0.461, 0.26, 0.034, 0.45, 'Diesel', 1, 60),
(342, 12, 206, 11, 22, 0.79, 0.081, 0.9, 0.581, 0.223, 0.36, 0.178, 'Diesel', 1, 60),
(343, 12, 206, 11, 23, 0.844, 0.818, 0.299, 0.956, 0.254, 0.926, 0.794, 'Diesel', 1, 60),
(344, 12, 206, 11, 24, 0.663, 0.164, 0.841, 0.157, 0.682, 0.026, 0.129, 'Diesel', 1, 60),
(345, 12, 206, 11, 25, 0.633, 0.919, 0.033, 0.302, 0.852, 0.19, 0.812, 'Diesel', 1, 60),
(346, 12, 206, 11, 26, 0.944, 0.269, 0.947, 0.55, 0.143, 0.243, 0.129, 'Diesel', 1, 60),
(347, 12, 206, 11, 28, 0.62, 0.717, 0.553, 0.912, 0.57, 0.225, 0.076, 'Diesel', 1, 60);

insert into em_standard (em_standard_id, regulator_id, territory_id, catproduct_id, emission_carbon_dioxide, emission_carbon_monoxide, emission_methane, emission_nitrous_oxide, emission_other_nitrogen_oxides, emission_other_hydrocarbons, emission_particulate_matter, emission_standard_unit_of_measurement) values
(0, 901, 2, 4, NULL, 3.5, NULL, NULL, 0.67, 0.19, 0.035, 'KWH'),
(1, 901, 3, 4, NULL, 3.5, NULL, NULL, 0.67, 0.19, 0.035, 'KWH'),
(2, 901, 6, 4, NULL, 3.5, NULL, NULL, 0.67, 0.19, 0.035, 'KWH'),
(3, 901, 2, 4, NULL, 3.5, NULL, NULL, 0.67, 0.19, 0.035, 'KWH'),
(4, 901, 3, 4, NULL, 3.5, NULL, NULL, 0.67, 0.19, 0.035, 'KWH'),
(5, 901, 6, 4, NULL, 3.5, NULL, NULL, 0.67, 0.19, 0.035, 'KWH'),
(6, 901, 2, 0, NULL, 3.5, NULL, NULL, 3.5, 0.19, 0.045, 'KWH'),
(7, 901, 3, 0, NULL, 3.5, NULL, NULL, 3.5, 0.19, 0.045, 'KWH'),
(8, 901, 6, 0, NULL, 3.5, NULL, NULL, 3.5, 0.19, 0.045, 'KWH'),
(9, 901, 2, 1, NULL, 3.5, NULL, NULL, 3.5, 0.19, 0.045, 'KWH'),
(10, 901, 3, 1, NULL, 3.5, NULL, NULL, 3.5, 0.19, 0.045, 'KWH'),
(11, 901, 6, 1, NULL, 3.5, NULL, NULL, 3.5, 0.19, 0.045, 'KWH'),
(12, 901, 2, 2, NULL, 3.5, NULL, NULL, 3.5, 0.19, 0.045, 'KWH'),
(13, 901, 3, 2, NULL, 3.5, NULL, NULL, 3.5, 0.19, 0.045, 'KWH'),
(14, 901, 6, 2, NULL, 3.5, NULL, NULL, 3.5, 0.19, 0.045, 'KWH'),
(15, 901, 2, 3, NULL, 3.5, NULL, NULL, 3.5, 0.19, 0.045, 'KWH'),
(16, 901, 3, 3, NULL, 3.5, NULL, NULL, 3.5, 0.19, 0.045, 'KWH'),
(17, 901, 6, 3, NULL, 3.5, NULL, NULL, 3.5, 0.19, 0.045, 'KWH');

insert into em_standard (em_standard_id, regulator_id, territory_id, catproduct_id, emission_carbon_dioxide, emission_carbon_monoxide, emission_methane, emission_nitrous_oxide, emission_other_nitrogen_oxides, emission_other_hydrocarbons, emission_particulate_matter, emission_standard_unit_of_measurement) values
(18, 901, 0, 0, NULL, 3.5, NULL, NULL, 3.5, 0.19, 0.045, 'KWH'),
(19, 901, 0, 1, NULL, 3.5, NULL, NULL, 3.5, 0.19, 0.045, 'KWH'),
(20, 901, 0, 2, NULL, 3.5, NULL, NULL, 3.5, 0.19, 0.045, 'KWH'),
(21, 901, 0, 3, NULL, 3.5, NULL, NULL, 3.5, 0.19, 0.045, 'KWH'),
(22, 901, 0, 4, NULL, 3.5, NULL, NULL, 3.5, 0.19, 0.045, 'KWH');

insert into machine (machine_id, customer_id, catproduct_id, worksite_id, time_interval_id, price_id, machine_service_life, machine_engine_power) values
(0, 201, 2, 0, 0, 1, 25, 560),
(1, 201, 0, 1, 0, 1, 25, 560),
(2, 202, 2, 2, 0, 1, 25, 560),
(3, 202, 0, 3, 0, 1, 25, 560),
(4, 203, 4, 4, 0, 1, 25, 560),
(5, 203, 4, 5, 0, 1, 25, 560),
(6, 204, 1, 6, 0, 1, 25, 560),
(7, 204, 1, 7, 0, 1, 25, 560),
(8, 205, 0, 8, 0, 1, 25, 560),
(9, 205, 0, 9, 0, 1, 48, 560),
(10, 206, 3, 10, 0, 1, 25, 560),
(11, 206, 4, 11, 0, 1, 25, 560),
(12, 206, 0, 11, 0, 1, 25, 560);

insert into price (price_id, time_interval_id, price_currency, price_amount, price_payment_terms) values
(0, 0, 'USD', 25000, 3/30),
(1, 0, 'USD', 100000, 2/30),
(2, 0, 'USD', 500000, 2/30),
(3, 0, 'EUR', 80000, 2/30),
(4, 0, 'EUR', 400000, 2/30),
(5, 0, 'EUR', 500000, 3/30);

insert into catproduct (catproduct_id, price_id, catproduct_category, catproduct_catalyst_tech, catproduct_particulate_filter, catproduct_regeneration_system, catproduct_description) values
(0, 1, 'Excavator', 'Y', 'Y', 'Y', '336 -TIER 4 / STAGE V'),
(1, 1, 'Excavator', 'N', 'N', 'N', '336 -TIER 4'),
(2, 1, 'Drill', 'Y', 'Y', 'Y', 'MD6250'),
(3, 0, 'Generator', 'N', 'Y', 'N', 'DE11E3S Diesel Generator Set'),
(4, 5, 'Generator', 'Y', 'Y', 'Y', 'C18 Industrial Diesel Engine (800 hp maximum power)');

insert into territory (territory_id, territory_address) values
(0,'USA'),
(1,'United Kingdom'),
(2,'Belgium'),
(3,'Denmark'),
(4,'Singapore'),
(5,'China'),
(6,'Switzerland'),
(7,'Australia');

insert into worksite (worksite_id, customer_id, territory_id, worksite_address, worksite_description) values
(0, 201, 7, 'Worksite A', 'Resource Extraction - Mining'),
(1, 201, 7, 'Worksite B', 'Construction - Urban'),
(2, 202, 1, 'Worksite A', 'Resource Extraction - Drilling'),
(3, 202, 0, 'Worksite B', 'Construction - Urban'),
(4, 203, 0, 'Worksite A', 'Energy Generation'),
(5, 203, 0, 'Worksite B', 'Energy Generation'),
(6, 204, 0, 'Worksite A', 'Construction - Industrial'),
(7, 204, 0, 'Worksite B', 'Construction - Industrial'),
(8, 205, 0, '15 Workman Street, Omaha, Nebraska 68121', 'Construction - Urban'),
(9, 205, 0, '3345 East Colorado Blvd, Pasadena, California 91101', 'Construction - Urban'),
(10, 206, 5, 'Worksite 1, Shaanxi Province', 'Energy Generation'),
(11, 206, 5, 'Worksite 2, Shaanxi Province', 'Construction - Urban');

insert into time_interval (time_interval_id, time_interval_year, time_interval_month, time_interval_day, time_interval_hour) values(1, 2025, NULL, NULL, NULL),
(1, 2025, 1, NULL, NULL),
(2, 2025, 1, 1, NULL),
(3, 2025, 1, 1, 1),
(4, 2025, 1, 1, 2),
(5, 2025, 1, 1, 3),
(6, 2025, 1, 1, 4),
(7, 2025, 1, 1, 5),
(8, 2025, 1, 1, 6),
(9, 2025, 1, 1, 7),
(10, 2025, 1, 1, 8),
(11, 2025, 1, 1, 9),
(12, 2025, 1, 1, 10),
(13, 2025, 1, 1, 11),
(14, 2025, 1, 1, 12),
